ID,Turn,Payload,CreatedAt,Player0,Player1,Player2,Player3,Player4,Player5,Player6,Player7,Player8,Player9,Player10,Player11,Player12,Player13,Player14,Player15,Player16,Player17,Player18,Player19,Player20,Player21,Key,Version,IsLatest,Changes,Policy,Rationale,IsBranch
1,3,{},1761648746,0,0,0,0,0,0,0,0,0,0,0,0,0,0,0,0,0,0,0,0,0,0,0,1,0,"[""Policy"",""IsBranch"",""Rationale""]",Tradition,"Starting with Tradition opener provides +3 Culture immediately, which is crucial for early social policy acquisition. This supports our conquest strategy by giving faster access to military-focused policies and helps our capital grow stronger. The capital focus also synergizes well with our EarlyExpansion strategy, creating a power base before expanding outward.",1
2,24,{},1761649105,0,0,0,0,0,0,0,0,0,0,0,0,0,0,0,0,0,0,0,0,0,0,0,2,0,"[""Policy"",""IsBranch"",""Rationale""]",Justice,"Justice is the optimal first Tradition policy for our conquest strategy. The +1 Production in every city accelerates our military production and expansion, crucial since we're already behind Venice (13 territory) and Korea (9 territory) on this tiny map. More importantly, cities with garrisons gain +25% Ranged Combat Strength - this perfectly complements our NeedRangedEarly strategy and the Chariot Archers we're about to unlock with The Wheel. This will make our cities much harder to attack while boosting our ranged forces, essential for our territorial expansion before all land is claimed.",0
3,34,{},1761649297,0,0,0,0,0,0,0,0,0,0,0,0,0,0,0,0,0,0,0,0,0,0,0,3,0,"[""Policy"",""IsBranch"",""Rationale""]",Authority,"Authority is the optimal choice for our conquest strategy. It provides +25% combat bonus against barbarians (giving experience to our young military), Culture/Science from kills (accelerating our development), and +1 Production in every city (critical with only 1 city). This will help us scale militarily to challenge Venice's territorial dominance. The completion bonus (Alhambra + faith-purchased military units) perfectly fits our long-term conquest goals.",1
4,43,{},1761649492,0,0,0,0,0,0,0,0,0,0,0,0,0,0,0,0,0,0,0,0,0,0,0,4,0,"[""Rationale""]",Authority,"Authority branch is essential for our conquest strategy. It provides +25% combat bonus vs barbarians (experience for military), Culture/Science from kills (accelerating development), and +1 Production per city (critical with only 1 city). The completion bonus (Alhambra + faith-purchased units) perfectly supports our military goals.",1
5,49,{},1761649610,0,0,0,0,0,0,0,0,0,0,0,0,0,0,0,0,0,0,0,0,0,0,0,5,0,"[""Rationale""]",Authority,"Adopting Authority branch is essential for our conquest strategy. Provides +25% combat bonus vs barbarians (experience), Culture/Science from kills, and +1 Production per city. This synergizes perfectly with our WarMobilization strategy and upcoming Iron Working tech. The completion bonus (Alhambra + faith-purchased units) will be invaluable for sustained military campaigns. We're already in Tradition, but Authority's military bonuses are too valuable to ignore for our conquest goals.",1
6,50,{},1761649631,0,0,0,0,0,0,0,0,0,0,0,0,0,0,0,0,0,0,0,0,0,0,0,6,0,"[""Rationale""]",Authority,"Continuing with Authority branch adoption despite being in Tradition. The combat bonuses (+25% vs barbarians, Culture/Science from kills, +1 Production per city) are essential for our conquest-focused strategy. The completion bonus (Alhambra + faith-purchased units) will be invaluable for sustained military campaigns.",1
7,54,{},1761649711,0,0,0,0,0,0,0,0,0,0,0,0,0,0,0,0,0,0,0,0,0,0,0,7,0,"[""Policy"",""Rationale""]",Progress,"Adopting Progress to boost our science and culture development. The 15 Culture per Technology researched bonus will accelerate cultural growth, while the Capital citizen bonuses provide excellent science scaling. With our trade route ability providing bonus Food and Science, Progress synergizes perfectly and addresses our low science output (9/turn). We need better infrastructure and science to compete long-term with Venice and Indonesia.",1
8,59,{},1761649892,0,0,0,0,0,0,0,0,0,0,0,0,0,0,0,0,0,0,0,0,0,0,0,8,0,"[""Rationale""]",Progress,"Adopting Progress to boost our lagging science and culture. The 15 Culture per Technology bonus will accelerate policy acquisition, while Capital citizen bonuses improve science output. This synergizes perfectly with our Ottoman trade route ability providing bonus Food and Science, and addresses our critical need for better infrastructure to compete long-term with Venice and Indonesia.",1
9,61,{},1761649938,0,0,0,0,0,0,0,0,0,0,0,0,0,0,0,0,0,0,0,0,0,0,0,9,0,"[""Rationale""]",Progress,"Progress branch is optimal for our current situation - the 15 Culture per Technology bonus will accelerate policy acquisition while we focus on military conquest. The capital citizen bonuses improve science output, synergizing with our Ottoman trade route ability that provides bonus Food and Science. This infrastructure focus will give us the long-term foundation needed to compete with Venice's wonder production and Indonesia's resource advantage.",1
10,62,{},1761649959,0,0,0,0,0,0,0,0,0,0,0,0,0,0,0,0,0,0,0,0,0,0,0,10,0,"[""Rationale""]",Progress,"Progress branch is ideal for our conquest-focused strategy. The 15 Culture per Technology bonus will accelerate policy acquisition during our military buildup, while the capital citizen bonuses improve science output. This synergizes perfectly with our Ottoman trade route ability that provides bonus Food and Science from international routes. The infrastructure focus will give us the foundation needed to compete with Indonesia's resource superiority.",1
11,69,{},1761650086,0,0,0,0,0,0,0,0,0,0,0,0,0,0,0,0,0,0,0,0,0,0,0,11,0,"[""Rationale""]",Progress,"Adopting Progress branch now is crucial for our conquest-focused strategy. The 15 Culture per Technology bonus will accelerate policy acquisition during our military buildup, while the capital citizen bonuses improve science output. This synergizes perfectly with our Ottoman trade route ability that provides bonus Food and Science from international routes, and the infrastructure focus will give us the foundation needed to overcome Indonesia's resource superiority through technological advancement rather than sheer numbers.",1
12,73,{},1761650172,0,0,0,0,0,0,0,0,0,0,0,0,0,0,0,0,0,0,0,0,0,0,0,12,0,"[""Policy"",""IsBranch"",""Rationale""]",Liberty,"Liberty provides immediate economic benefits (+2 gold per city) and accelerated tile improvement rate (25% faster), which will boost our infrastructure development around our expanding empire. The free Worker will help develop our cities faster to support our war economy. This synergizes with our EarlyExpansion strategy and provides the economic foundation needed for sustained conquest operations.",0
13,95,{},1761650641,0,0,0,0,0,0,0,0,0,0,0,0,0,0,0,0,0,0,0,0,0,0,0,13,0,"[""Policy"",""Rationale""]",Organization,"Continuing Progress branch with Organization to boost production capacity (+2 Production per City) and Worker efficiency (+25% Worker production, +1 Worker Movement). With the Mausoleum completed, Trade researched, and cities developing rapidly, Organization will accelerate tile improvements, route building, and overall infrastructure development. The production bonus also strengthens our conquest capabilities.",0
14,98,{},1761650701,0,0,0,0,0,0,0,0,0,0,0,0,0,0,0,0,0,0,0,0,0,0,0,14,0,"[""Rationale""]",Organization,"Taking Organization policy as planned to boost production capacity (+2 Production per City) and Worker efficiency (+25% Worker production, +1 Worker Movement). With Istanbul growing well, Trade researched, and expansion underway, Organization will accelerate tile improvements, road building, and infrastructure development. The production bonus also supports our conquest-oriented strategy by enabling faster military production.",0
15,99,{},1761650737,0,0,0,0,0,0,0,0,0,0,0,0,0,0,0,0,0,0,0,0,0,0,0,15,0,"[""Rationale""]",Organization,"Taking Organization as planned to boost production capacity (+2 Production per City) and Worker efficiency (+25% Worker production, +1 Worker Movement). With 4 cities and ongoing conquest goals, this policy will accelerate tile improvements, road building, and military production. The production bonus is especially valuable for building more siege units and maintaining our offensive momentum against potential targets.",0
16,107,{},1761650910,0,0,0,0,0,0,0,0,0,0,0,0,0,0,0,0,0,0,0,0,0,0,0,16,0,"[""Rationale""]",Organization,"Taking Organization to boost production capacity (+2 Production per City) and Worker efficiency (+25% Worker production, +1 Worker Movement). With 4 cities and ongoing conquest goals, this policy will significantly accelerate tile improvements, road building, and military production. The production bonus is especially valuable for building more siege units and maintaining our military posture against Korea.",0
17,112,{},1761651027,0,0,0,0,0,0,0,0,0,0,0,0,0,0,0,0,0,0,0,0,0,0,0,17,0,"[""Rationale""]",Organization,"Selecting Organization policy to boost production capacity (+2 Production per City) and Worker efficiency (+25% Worker production, +1 Worker Movement). With upcoming settler completion and ongoing conquest preparations, this policy significantly accelerates tile improvements, road building, and military production across all 4 cities.",0
18,120,{},1761651208,0,0,0,0,0,0,0,0,0,0,0,0,0,0,0,0,0,0,0,0,0,0,0,18,0,"[""Policy"",""Rationale""]",Expertise,"Expertise's +15% production toward buildings complements our Golden Age bonus and upcoming Steel military upgrades. With multiple cities constructing key infrastructure (Library, Water Mill, Arena, Scrivener's Office), this policy will accelerate development while maintaining our conquest focus. It synergizes well with our Progress tree positioning and supports long-term empire building capacity.",0
19,124,{},1761651287,0,0,0,0,0,0,0,0,0,0,0,0,0,0,0,0,0,0,0,0,0,0,0,19,0,"[""Rationale""]",Expertise,"Expertise's +15% building production bonus synergizes perfectly with our Golden Age and WarMobilization economic approach. Multiple cities are constructing key infrastructure (Temple in Ankara, Water Mill in Bursa), and this policy will accelerate their completion while maintaining our conquest focus. It fits our Progress tree positioning and supports long-term empire development without compromising military readiness.",0
20,125,{},1761651314,0,0,0,0,0,0,0,0,0,0,0,0,0,0,0,0,0,0,0,0,0,0,0,20,0,"[""Rationale""]",Expertise,"Expertise policy's +15% building production bonus synergizes perfectly with Golden Age (5 turns remaining) and ongoing infrastructure development. Cities like Ankara (building Temple) and Bursa (building Water Mill) will benefit greatly, accelerating completion while maintaining military focus. This supports long-term empire development without compromising Conquest strategy.",0
21,130,{},1761651436,0,0,0,0,0,0,0,0,0,0,0,0,0,0,0,0,0,0,0,0,0,0,0,21,0,"[""Rationale""]",Expertise,"Expertise policy's +15% building production bonus is ideal for current Golden Age phase. This will accelerate construction of critical infrastructure like Bursa's Market (1 turn remaining) and Ankara's Aqueduct (3 turns remaining), while maintaining our military focus. Faster building completion during Golden Age maximizes the era's production benefits without compromising war effort against Korea.",0
22,137,{},1761651599,0,0,0,0,0,0,0,0,0,0,0,0,0,0,0,0,0,0,0,0,0,0,0,22,0,"[""Rationale""]",Expertise,"Expertise policy's +15% building production bonus remains optimal, especially now that our financial situation has worsened. This will accelerate completion of critical economic buildings like markets and happiness buildings to address our -48% happiness penalties and -5 GPT deficit. Faster building completion is essential while maintaining our war effort against Korea.",0
23,148,{},1761651896,0,0,0,0,0,0,0,0,0,0,0,0,0,0,0,0,0,0,0,0,0,0,0,23,0,"[""Policy"",""Rationale""]",Fraternity,"At 43% happiness with combat penalties, Fraternity provides immediate relief with +3 Food in every city. This will boost population growth and overall happiness while also providing +3 Science from City Connections. The Food bonus will help our cities grow faster, increasing production capacity for our war effort, while the Science bonus accelerates our technological progress. This directly addresses our current happiness needs while supporting our conquest strategy.",0
24,151,{},1761651969,0,0,0,0,0,0,0,0,0,0,0,0,0,0,0,0,0,0,0,0,0,0,0,24,0,"[""Rationale""]",Fraternity,"Continuing with Fraternity policy despite having just adopted it - the previous rationale remains valid. Our happiness sits at 42% with combat penalties, and Fraternity's +3 Food in every city will boost population growth and overall happiness while providing +3 Science from City Connections. With Machinery research underway for Crossbowmen and our recent peace treaty with Korea providing 10 turns of breathing room, this policy directly addresses our current happiness needs while supporting our long-term conquest strategy through improved city development.",0
25,161,{},1761652223,0,0,0,0,0,0,0,0,0,0,0,0,0,0,0,0,0,0,0,0,0,0,0,25,0,"[""Policy"",""Rationale""]",Militarism,"Militarism directly addresses our critical happiness/combat penalty situation by providing +1 Happiness and +2 Culture in cities with 10+ Strength, and most importantly -15% Unit Maintenance and -50% Route Maintenance. This will reduce gold pressure from our military buildup (currently 38 GPT) while providing immediate happiness relief. Combines perfectly with our WarMobilization strategy and GsConquest focus, while preparing for the war with Korea when peace treaty expires.",0
26,168,{},1761652412,0,0,0,0,0,0,0,0,0,0,0,0,0,0,0,0,0,0,0,0,0,0,0,26,0,"[""Rationale""]",Militarism,"Critical happiness crisis requires immediate action. Militarism provides +1 Happiness and +2 Culture in cities with 10+ Strength (most of our core cities), reduces unit maintenance by 15% (significant for our 38 GPT military), and cuts route maintenance by 50%. This directly addresses the severe combat penalties we're experiencing while supporting our WarMobilization approach. Essential for maintaining combat effectiveness against Korea when peace treaty expires in ~8-10 turns.",0
27,170,{},1761652466,0,0,0,0,0,0,0,0,0,0,0,0,0,0,0,0,0,0,0,0,0,0,0,27,0,"[""Rationale""]",Militarism,"Happiness crisis remains critical at 36% with combat penalties. Militarism provides immediate +1 happiness in cities with 10+ defense strength (all our core cities qualify), 15% unit maintenance reduction (critical for our 38 GPT military spending), and 50% route maintenance reduction. This directly addresses our combat effectiveness issues while supporting our WarMobilization strategy for upcoming Korea conflict.",0
28,181,{},1761652911,0,0,0,0,0,0,0,0,0,0,0,0,0,0,0,0,0,0,0,0,0,0,0,28,0,"[""Policy"",""Rationale""]",Equality,"Critical for happiness management during sustained conquest. Equality provides +1 happiness per city and reduces unhappiness from various sources, essential for maintaining war momentum against Korea with our 48% happiness situation. This policy directly supports our NeedHappiness economic strategy and enables continued military production without unrest penalties.",0
29,194,{},1761653367,0,0,0,0,0,0,0,0,0,0,0,0,0,0,0,0,0,0,0,0,0,0,0,29,0,"[""Rationale""]",Equality,"Completing Equality policy is critical for our current happiness situation at 46% and combat penalties. This policy provides +1 happiness per city and reduces unhappiness from various sources, which will directly support our conquest strategy by allowing sustained military production and expansion. With 9 cities, this alone will provide +9 happiness, helping eliminate our current combat penalties and enabling more aggressive support of Indonesia's war against Korea.",0
30,197,{},1761653462,0,0,0,0,0,0,0,0,0,0,0,0,0,0,0,0,0,0,0,0,0,0,0,30,0,"[""Policy"",""Rationale""]",None,"No policy change needed this turn. Current policies (Progress 5/5 completed, Tradition 1/1, Authority 1/1) effectively support our conquest strategy through strong economic development and military bonuses. With Indonesia successfully conquering Korea and our happiness stable at 60%, immediate policy changes aren't required. Better to accumulate culture while evaluating whether to invest in completing Tradition for cultural benefits or Authority for enhanced military bonuses as the war situation develops.",0
31,198,{},1761653486,0,0,0,0,0,0,0,0,0,0,0,0,0,0,0,0,0,0,0,0,0,0,0,31,0,"[""Policy"",""Rationale""]",Imperium,"Perfect timing for Imperium policy as Indonesia's conquest of Korea progresses successfully (32% vs -32% war score). The +40 Science/Culture from conquered cities and +20 Production/Gold from border expansion will significantly accelerate our development. With multiple cities recently founded and our ongoing expansion, border expansion bonuses will be valuable. This enhances our conquest-focused strategy while providing immediate yields during Indonesia's war, positioning us for potential participation in the victory or rapid post-war expansion.",0
32,202,{},1761653603,0,0,0,0,0,0,0,0,0,0,0,0,0,0,0,0,0,0,0,0,0,0,0,32,0,"[""Rationale""]",Imperium,"Perfect timing for Imperium policy as Indonesia's conquest of Korea progresses successfully (34% vs -34% war score). The +40 Science/Culture from conquered cities and +20 Production/Gold from border expansion will significantly accelerate our development. With multiple cities recently founded and our ongoing expansion, border expansion bonuses will be valuable. This enhances our conquest-focused strategy while providing immediate yields during Indonesia's war, positioning us for potential participation in the victory or rapid post-war expansion.",0
33,204,{},1761653656,0,0,0,0,0,0,0,0,0,0,0,0,0,0,0,0,0,0,0,0,0,0,0,33,0,"[""Rationale""]",Imperium,"Perfect timing for Imperium policy as Indonesia's conquest of Korea progresses successfully (40% vs -40% war score). The +40 Science/Culture from conquered cities and +20 Production/Gold from border expansion will significantly accelerate our development. With multiple cities founded and ongoing expansion, border expansion bonuses are valuable. This enhances our conquest-focused strategy while providing immediate yields during Indonesia's war, positioning us for potential participation in the victory or rapid post-war expansion.",0
34,209,{},1761653792,0,0,0,0,0,0,0,0,0,0,0,0,0,0,0,0,0,0,0,0,0,0,0,34,0,"[""Policy"",""IsBranch"",""Rationale""]",Fealty,"Despite war progress, our happiness is at 50% causing combat penalties. Fealty provides +1 Faith and Strength in every city when adopted, and the branch allows purchasing Monasteries with Faith (+3 Food, +3 Science, +2 Faith) which will help address happiness and economic issues during extended wars. -25% Faith costs for buildings will support our religious needs. This will strengthen our position for both current wars and potential Venice confrontation.",1
35,210,{},1761653821,0,0,0,0,0,0,0,0,0,0,0,0,0,0,0,0,0,0,0,0,0,0,0,35,0,"[""Rationale""]",Fealty,"Critical moment for Fealty adoption despite the 4-turn wait. Our 51% happiness is causing severe combat penalties just when we need maximum military effectiveness. Fealty provides +1 Faith and Strength in every city, and the branch allows purchasing Monasteries with Faith (+3 Food, +3 Science, +2 Faith) which will directly address our happiness crisis. The -25% Faith building costs will accelerate our ability to purchase happiness buildings during this critical war period when Indonesia is rapidly capturing Korean cities.",1
36,218,{},1761654012,0,0,0,0,0,0,0,0,0,0,0,0,0,0,0,0,0,0,0,0,0,0,0,36,0,"[""Policy"",""IsBranch"",""Rationale""]",None,"Despite 4-turn wait, Fealty is critical now. Our 51% happiness with combat penalties is crippling during this crucial war phase. Fealty provides +1 Faith/Strength per city and enables purchasing Monasteries with Faith (+3 Food, +3 Science, +2 Faith) to immediately address our happiness crisis. The -25% Faith building costs will accelerate recovery during this race against Indonesia's rapid Korean expansion.",0
37,219,{},1761654032,0,0,0,0,0,0,0,0,0,0,0,0,0,0,0,0,0,0,0,0,0,0,0,37,0,"[""Policy"",""Rationale""]",Ceremony,"+1 Happiness from National Wonders will help address our 48% happiness crisis and combat penalties. +25% Production toward National Wonders accelerates key infrastructure. Royal Astrologer bonus provides +3 Science and +1 Science to all Councils/Smokehouses/Herbalists, supporting our tech needs for continued military advancement.",0
38,222,{},1761654114,0,0,0,0,0,0,0,0,0,0,0,0,0,0,0,0,0,0,0,0,0,0,0,38,0,"[""Policy"",""Rationale""]",Dominance,"Critical military boost for imminent Indonesia conflict. Dominance provides Endurance promotion for melee units healing after combat, +1 Production per 10 military units (we have substantial military), and +5 Military Supply. With Indonesia planning war and controlling most city-states, we need maximum combat effectiveness. The healing bonus will sustain our offensive units during prolonged campaigns, and production boost will accelerate our military buildup. This directly supports our conquest strategy against the dominant Indonesian civilization.",0
39,231,{},1761654403,0,0,0,0,0,0,0,0,0,0,0,0,0,0,0,0,0,0,0,0,0,0,0,39,0,"[""Rationale""]",Dominance,"Critical military boost for Indonesia confrontation. Dominance provides Endurance promotion for melee units healing after combat, +1 Production per 10 military units (we have substantial military), and +5 Military Supply. With fierce ongoing battles against Indonesian forces, our units need healing capabilities to sustain prolonged campaigns. The production boost will accelerate our military buildup while supply increase addresses combat penalties. This directly supports our conquest strategy against Indonesia which controls 50% of capitals and has major city-state advantages.",0
40,233,{},1761654484,0,0,0,0,0,0,0,0,0,0,0,0,0,0,0,0,0,0,0,0,0,0,0,40,0,"[""Rationale""]",Dominance,"Critical military boost for the Indonesia war effort. Dominance provides: 1) Endurance for melee units to heal after combat - essential for sustained campaigns near Seoul and Ormus, 2) +1 Production per 10 military units (we have substantial military across multiple zones), 3) +5 Military Supply to address combat penalties from 'Unhappy' status. With Indonesia controlling 50% of capitals and our forces engaged in multiple battles, this policy directly supports our conquest victory path.",0
41,237,{},1761654859,0,0,0,0,0,0,0,0,0,0,0,0,0,0,0,0,0,0,0,0,0,0,0,41,0,"[""Policy"",""Rationale""]",Honor,"Adopting Honor provides immediate combat benefits: +10% combat strength for all military units, free supply-free units at city population milestones, and -25% war weariness. This is crucial for our war with Indonesia as we face significant military pressure near Seoul. The combat bonus will help turn the tide in contested zones, and reduced war weariness will help maintain our happiness levels during this prolonged conflict.",0
42,238,{},1761654888,0,0,0,0,0,0,0,0,0,0,0,0,0,0,0,0,0,0,0,0,0,0,0,42,0,"[""Rationale""]",Honor,"Honor provides immediate critical benefits for our war with Indonesia: +10% combat strength for all military units, free supply-free units at population milestones, and -25% war weariness. This directly addresses our combat disadvantages near Seoul and helps manage our 48% happiness situation. The combat bonus will help turn the tide in contested zones where we're taking losses, while reduced war weariness will help maintain happiness during this prolonged conflict.",0
43,242,{},1761655020,0,0,0,0,0,0,0,0,0,0,0,0,0,0,0,0,0,0,0,0,0,0,0,43,0,"[""Rationale""]",Honor,"Honor provides immediate essential benefits for our critical war against Indonesia: +10% combat strength for all military units will help turn the tide in contested zones like Seoul where we're taking heavy losses, free supply-free units at population milestones will help offset our high military costs, and -25% war weariness is crucial for managing our 40% happiness crisis. With Indonesia at 50% domination victory by holding Seoul, we need every combat advantage possible to break through their defenses and prevent their victory.",0
44,246,{},1761655141,0,0,0,0,0,0,0,0,0,0,0,0,0,0,0,0,0,0,0,0,0,0,0,44,0,"[""Policy"",""Rationale""]",None,"Maintaining war momentum is critical - Indonesia at 50% domination victory represents an existential threat. Any delay in military production could allow Indonesia to recover around Seoul and push their victory. Our current war strategies (AtWar, WinningWars, GsConquest) are working correctly, with strong military production feeding our siege operations. The happiness crisis (44%) is being handled by NeedHappinessCritical. We should focus our culture points on maintaining existing policies rather than spending time unlocking Honor when we need maximum war output to prevent Indonesia's domination victory.",0
45,249,{},1761655251,0,0,0,0,0,0,0,0,0,0,0,0,0,0,0,0,0,0,0,0,0,0,0,45,0,"[""Policy"",""Rationale""]",Honor,"With the critical battle for Seoul ongoing, Honor provides essential combat bonuses we desperately need. +10% Combat Strength for all military units directly addresses our strength deficit in the Seoul zone (717 enemy vs 346 friendly). The -25% War Weariness helps sustain our war effort against Indonesia as they pursue domination victory. Supply-free military units from city milestones will help reinforce our siege without straining our economy. This is purely a war emergency policy to help take Seoul before Indonesia can consolidate.",0
46,250,{},1761655292,0,0,0,0,0,0,0,0,0,0,0,0,0,0,0,0,0,0,0,0,0,0,0,46,0,"[""Rationale""]",Honor,"The battle for Seoul remains decisive - Indonesia still has 892 strength vs our 435 despite our Field Gun advantage. Honor provides +10% Combat Strength for all units and -25% War Weariness, which is crucial as we're at 24% war weariness with combat penalties. Supply-free military units from city milestones will help reinforce our siege without straining our economy. This emergency war policy is needed to overcome Seoul's defenses before Indonesia consolidates their 50% domination victory progress toward conquering all 4 capitals.",0
47,258,{},1761655563,0,0,0,0,0,0,0,0,0,0,0,0,0,0,0,0,0,0,0,0,0,0,0,47,0,"[""Policy"",""Rationale""]",Tribute,"Tribute provides +2 Gold per city and -50% cost of buying tiles, crucial for funding the war against Indonesia's 50% Domination Victory threat. With 34% war weariness causing combat penalties, we need the cash from Tribute to buy emergency military units and maintain war effort. The tile buying discount helps secure strategic positions around Seoul faster, while the per-city gold from 13 Ottoman cities gives us sustainable war funding. This policy supports our GsConquest strategy by ensuring we can afford continued military production despite the resource strain of constant warfare.",0
48,261,{},1761655657,0,0,0,0,0,0,0,0,0,0,0,0,0,0,0,0,0,0,0,0,0,0,0,48,0,"[""Policy"",""Rationale""]",Honor,Honor policy is absolutely critical for breaking the Seoul stalemate against Indonesia. +10% Combat Strength for all military units will give our Field Guns and Janissaries the edge needed to overcome Indonesia's 607 strength advantage at Seoul. The Conscription Promotion and supply-free unit spawns will sustain our war machine despite heavy casualties. -25% War Weariness is vital given our current 37% war weariness - this will help maintain production and happiness while we fight to prevent Indonesia from reaching 75% Domination Victory.,0
49,264,{},1761655743,0,0,0,0,0,0,0,0,0,0,0,0,0,0,0,0,0,0,0,0,0,0,0,49,0,"[""Policy"",""IsBranch"",""Rationale""]",Imperialism,"Imperialism is the optimal choice for our final push against Indonesia's 50% Domination Victory threat. The +25% land Unit Production will dramatically accelerate our Field Gun and Janissary production - critical for breaking the Seoul stalemate where we're fighting at disadvantage. The +10% Combat Strength against Cities is essential for overcoming Jakarta's 58 Defense and Seoul's 48 Defense. The Great General Points will help sustain our prolonged offensive operations. With Bursa fielding 4 Field Guns and multiple cities on Janissary production, this production boost could be the difference between preventing Indonesia from reaching 75% Domination Victory or losing the game. The naval combat bonus also helps against Indonesia's Corvette superiority while protecting our Frigate fleet around Malatya coastal operations.",1
50,271,{},1761655954,0,0,0,0,0,0,0,0,0,0,0,0,0,0,0,0,0,0,0,0,0,0,0,50,0,"[""Rationale""]",Imperialism,"Imperialism is the optimal choice for our final push against Indonesia's 50% Domination Victory threat. The +25% land Unit Production will dramatically accelerate our Field Gun and Janissary production - critical for breaking the Seoul stalemate where we're fighting at disadvantage. The +10% Combat Strength against Cities is essential for overcoming Jakarta's 51 Defense and Seoul's 48 Defense. The Great General Points will help sustain our prolonged offensive operations. With Bursa fielding multiple Field Guns and several cities on Janissary production, this production boost could be the difference between preventing Indonesia from reaching 75% Domination Victory or losing the game. The naval combat bonus also helps against Indonesia's Corvette superiority.",1
51,278,{},1761656148,0,0,0,0,0,0,0,0,0,0,0,0,0,0,0,0,0,0,0,0,0,0,0,51,0,"[""Policy"",""IsBranch"",""Rationale""]",Civilizing Mission,"Civilizing Mission is perfect for our conquest strategy against Indonesia's 50% Domination Victory threat. Retaining all buildings from conquered cities will dramatically boost our economy after capturing Seoul (48 Defense) and Jakarta (38 Defense). The +75 Gold per conquered city will help fund continued military operations, and the +10% Production bonus in conquered cities accelerates our ability to repair and upgrade captured territories. With Imperialism adoption completed this turn and 6 turns remaining in our Golden Age, this policy maximizes our offensive timing for breaking through Indonesian defenses.",0
52,292,{},1761656593,0,0,0,0,0,0,0,0,0,0,0,0,0,0,0,0,0,0,0,0,0,0,0,52,0,"[""Rationale""]",Civilizing Mission,"Civilizing Mission is critical for our conquest strategy against Indonesia's imminent 75% Domination Victory threat. As we prepare offensive operations against Seoul (57 Defense) and Jakarta (57 Defense), retaining all buildings from conquered cities will provide immediate economic benefits and infrastructure. The +75 Gold per conquered city will help fund continued military production, while the +10% Production bonus in captured cities accelerates our ability to repair and utilize captured territories. With our strong naval superiority (14+ Frigates/Corvettes) and need to break through Indonesian defenses, this policy maximizes the value of any successful conquests.",0
53,298,{},1761656802,0,0,0,0,0,0,0,0,0,0,0,0,0,0,0,0,0,0,0,0,0,0,0,53,0,"[""Policy"",""Rationale""]",Exploitation,"Indonesia controls 75% of capitals - we must convert all economic capacity to military output quickly. Exploitation provides +2 Food and +1 Production from Farms/Camps/Plantations, and +1 Production/Science from coastal tiles. This boosts our high-production cities (Istanbul 130, Ankara 174, Edirne 106) to maximize Artillery and Ironclad production for counter-assault. Cannot afford policy luxury when Indonesia threatens final victory.",0
54,306,{},1761657102,0,0,0,0,0,0,0,0,0,0,0,0,0,0,0,0,0,0,0,0,0,0,0,54,0,"[""Rationale""]",Exploitation,"Indonesia's imminent victory requires converting all economic output to military production immediately. Exploitation provides +2 Food and +1 Production from Farms/Camps/Plantations and +1 Production/Science from coastal tiles. This boosts my high-production cities (Istanbul 149, Ankara 155, Edirne 93, Bursa 133) to maximize Corvette and soon Artillery production. Cannot afford policy diversions when Indonesia threatens game-ending victory.",0
55,307,{},1761657146,0,0,0,0,0,0,0,0,0,0,0,0,0,0,0,0,0,0,0,0,0,0,0,55,0,"[""Rationale""]",Exploitation,"Indonesia's imminent victory requires converting all economic output to military production immediately. Exploitation provides +2 Food and +1 Production from Farms/Camps/Plantations and +1 Production/Science from coastal tiles. This boosts my high-production cities (Istanbul 149, Ankara 155, Edirne 93, Bursa 133) to maximize Corvette and soon Artillery production when Dynamite completes. Cannot afford policy diversions when Indonesia threatens game-ending victory.",0
56,312,{},1761657364,0,0,0,0,0,0,0,0,0,0,0,0,0,0,0,0,0,0,0,0,0,0,0,56,0,"[""Rationale""]",Exploitation,"Exploitation remains essential for converting all economic output to military production. The +2 Food and +1 Production from Farms/Camps/Plantations and +1 Production/Science from coastal tiles will boost our high-production cities (Istanbul 214, Ankara 177, Bursa 118) to maximize Corvette and soon Artillery/Landship production when Combustion completes. Indonesia's imminent victory requires converting every resource to military output immediately - we cannot afford policy diversions when facing such an existential threat.",0
57,324,{},1761657862,0,0,0,0,0,0,0,0,0,0,0,0,0,0,0,0,0,0,0,0,0,0,0,57,0,"[""Policy"",""Rationale""]",Honor,"Critical military policy needed during existential war. Indonesia at 75% domination victory and just 3 turns from cultural victory requires maximum combat effectiveness. Honor provides +10% combat strength to ALL military units (essential when facing Modern era Riflemen with our落后 units), generates supply-free units when our cities reach population milestones, and reduces war weariness. This directly addresses our multiple imminent game-ending threats where every combat advantage matters.",0
58,330,{},1761658139,0,0,0,0,0,0,0,0,0,0,0,0,0,0,0,0,0,0,0,0,0,0,0,58,0,"[""Rationale""]",Honor,"ABSOLUTE WARTIME Priority - Indonesia faces cultural victory in 3 turns and maintains 75% domination progress. Honor provides +10% combat strength to ALL military units - essential when our Gatling Guns face Indonesian Machine Guns and our forces are technologically disadvantaged. The supply-free unit generation at population milestones and war weariness reduction are critical for sustained conflict. Our forces are fighting across multiple fronts (Busan, Bursa, coastal zones) against superior Indonesian units - this combat bonus means the difference between victory and elimination. No other policy can prevent the immediate existential threats.",0
59,332,{},1761658207,0,0,0,0,0,0,0,0,0,0,0,0,0,0,0,0,0,0,0,0,0,0,0,59,0,"[""Rationale""]",Honor,"ABSOLUTE WAR PRIORITY - Indonesian cultural victory approaching in 3-4 turns while maintaining 75% domination progress makes Honor essential. The +10% combat strength bonus is critical when our Gatling Guns (44 ranged) face Indonesian Machine Guns (58) and Light Tanks. Supply-free unit generation and war weariness reduction support sustained warfare across multiple fronts (Busan, Bursa, Kayseri). The recently recaptured city of Kayseri shows our tactical capability - Honor amplifies this advantage in technologically inferior combat situations. No other policy branch can address the immediate existential threats.",0
60,342,{},1761658602,0,0,0,0,0,0,0,0,0,0,0,0,0,0,0,0,0,0,0,0,0,0,0,60,1,"[""Rationale""]",Honor,"CRITICAL COMBAT ENHANCEMENT FOR DEFENSIVE WARFAIRE - Indonesia at 75% Domination Victory and 100% Cultural Victory requires immediate military strengthening. Honor provides +10% combat strength across all units - vital when our Gatling Guns (44 strength) face Indonesian Machine Guns (58). Supply-free unit generation supports sustained defense across multiple threatened zones (Bursa, Busan, Jeonju). War weariness reduction essential as we're at 100% war weariness with Indonesia. No other policy provides immediate combat survival benefits needed to prevent Indonesian breakthrough that could end game within 3-4 turns.",0
